Geography,Geography,Gender (3),Age (20),Total - Type of collective dwelling,  Health care and related facilities,    Hospitals,    Nursing homes,    Residences for senior citizens,    Facilities that are a mix of both a nursing home and a residence for senior citizens,    Residential care facilities such as group homes for persons with disabilities and addictions,  Correctional and custodial facilities,  Shelters,  Service collective dwellings,    Lodging and rooming houses,"    Hotels, motels and other establishments with temporary accommodation services",    Other service collective dwellings,  Religious establishments,  Hutterite colonies,  Other collective dwellings
1,Canada,Total - Gender,Total - Age,,,,,,,,,,,,,,,,
1,Canada,Total - Gender,  0 to 14 years,,,,,,,,,,,,,,,,
1,Canada,Total - Gender,  15 to 19 years,,,,,,,,,,,,,,,,
1,Canada,Total - Gender,    15 to 17 years,,,,,,,,,,,,,,,,
1,Canada,Total - Gender,    18 to 19 years,,,,,,,,,,,,,,,,
1,Canada,Total - Gender,  20 to 24 years,,,,,,,,,,,,,,,,
1,Canada,Total - Gender,  25 to 29 years,,,,,,,,,,,,,,,,
1,Canada,Total - Gender,  30 to 34 years,,,,,,,,,,,,,,,,
1,Canada,Total - Gender,  35 to 39 years,,,,,,,,,,,,,,,,
1,Canada,Total - Gender,  40 to 44 years,,,,,,,,,,,,,,,,
1,Canada,Total - Gender,  45 to 49 years,,,,,,,,,,,,,,,,
1,Canada,Total - Gender,  50 to 54 years,,,,,,,,,,,,,,,,
1,Canada,Total - Gender,  55 to 59 years,,,,,,,,,,,,,,,,
1,Canada,Total - Gender,  60 to 64 years,,,,,,,,,,,,,,,,
1,Canada,Total - Gender,  65 years and over,,,,,,,,,,,,,,,,
1,Canada,Total - Gender,    65 to 69 years,,,,,,,,,,,,,,,,
1,Canada,Total - Gender,    70 to 74 years,,,,,,,,,,,,,,,,
1,Canada,Total - Gender,    75 to 79 years,,,,,,,,,,,,,,,,
1,Canada,Total - Gender,    80 to 84 years,,,,,,,,,,,,,,,,
1,Canada,Total - Gender,    85 years and over,,,,,,,,,,,,,,,,
1,Canada,  Men+,Total - Age,,,,,,,,,,,,,,,,
1,Canada,  Men+,  0 to 14 years,,,,,,,,,,,,,,,,
1,Canada,  Men+,  15 to 19 years,,,,,,,,,,,,,,,,
1,Canada,  Men+,    15 to 17 years,,,,,,,,,,,,,,,,
1,Canada,  Men+,    18 to 19 years,,,,,,,,,,,,,,,,
1,Canada,  Men+,  20 to 24 years,,,,,,,,,,,,,,,,
1,Canada,  Men+,  25 to 29 years,,,,,,,,,,,,,,,,
1,Canada,  Men+,  30 to 34 years,,,,,,,,,,,,,,,,
1,Canada,  Men+,  35 to 39 years,,,,,,,,,,,,,,,,
1,Canada,  Men+,  40 to 44 years,,,,,,,,,,,,,,,,
1,Canada,  Men+,  45 to 49 years,,,,,,,,,,,,,,,,
1,Canada,  Men+,  50 to 54 years,,,,,,,,,,,,,,,,
1,Canada,  Men+,  55 to 59 years,,,,,,,,,,,,,,,,
1,Canada,  Men+,  60 to 64 years,,,,,,,,,,,,,,,,
1,Canada,  Men+,  65 years and over,,,,,,,,,,,,,,,,
1,Canada,  Men+,    65 to 69 years,,,,,,,,,,,,,,,,
1,Canada,  Men+,    70 to 74 years,,,,,,,,,,,,,,,,
1,Canada,  Men+,    75 to 79 years,,,,,,,,,,,,,,,,
1,Canada,  Men+,    80 to 84 years,,,,,,,,,,,,,,,,
1,Canada,  Men+,    85 years and over,,,,,,,,,,,,,,,,
1,Canada,  Women+,Total - Age,,,,,,,,,,,,,,,,
1,Canada,  Women+,  0 to 14 years,,,,,,,,,,,,,,,,
1,Canada,  Women+,  15 to 19 years,,,,,,,,,,,,,,,,
1,Canada,  Women+,    15 to 17 years,,,,,,,,,,,,,,,,
1,Canada,  Women+,    18 to 19 years,,,,,,,,,,,,,,,,
1,Canada,  Women+,  20 to 24 years,,,,,,,,,,,,,,,,
1,Canada,  Women+,  25 to 29 years,,,,,,,,,,,,,,,,
1,Canada,  Women+,  30 to 34 years,,,,,,,,,,,,,,,,
1,Canada,  Women+,  35 to 39 years,,,,,,,,,,,,,,,,
1,Canada,  Women+,  40 to 44 years,,,,,,,,,,,,,,,,
1,Canada,  Women+,  45 to 49 years,,,,,,,,,,,,,,,,
1,Canada,  Women+,  50 to 54 years,,,,,,,,,,,,,,,,
1,Canada,  Women+,  55 to 59 years,,,,,,,,,,,,,,,,
1,Canada,  Women+,  60 to 64 years,,,,,,,,,,,,,,,,
1,Canada,  Women+,  65 years and over,,,,,,,,,,,,,,,,
1,Canada,  Women+,    65 to 69 years,,,,,,,,,,,,,,,,
1,Canada,  Women+,    70 to 74 years,,,,,,,,,,,,,,,,
1,Canada,  Women+,    75 to 79 years,,,,,,,,,,,,,,,,
1,Canada,  Women+,    80 to 84 years,,,,,,,,,,,,,,,,
1,Canada,  Women+,    85 years and over,,,,,,,,,,,,,,,,
10,Newfoundland and Labrador,Total - Gender,Total - Age,,,,,,,,,,,,,,,,
10,Newfoundland and Labrador,Total - Gender,  0 to 14 years,,,,,,,,,,,,,,,,
10,Newfoundland and Labrador,Total - Gender,  15 to 19 years,,,,,,,,,,,,,,,,
10,Newfoundland and Labrador,Total - Gender,    15 to 17 years,,,,,,,,,,,,,,,,
10,Newfoundland and Labrador,Total - Gender,    18 to 19 years,,,,,,,,,,,,,,,,
10,Newfoundland and Labrador,Total - Gender,  20 to 24 years,,,,,,,,,,,,,,,,
10,Newfoundland and Labrador,Total - Gender,  25 to 29 years,,,,,,,,,,,,,,,,
10,Newfoundland and Labrador,Total - Gender,  30 to 34 years,,,,,,,,,,,,,,,,
10,Newfoundland and Labrador,Total - Gender,  35 to 39 years,,,,,,,,,,,,,,,,
10,Newfoundland and Labrador,Total - Gender,  40 to 44 years,,,,,,,,,,,,,,,,
10,Newfoundland and Labrador,Total - Gender,  45 to 49 years,,,,,,,,,,,,,,,,
10,Newfoundland and Labrador,Total - Gender,  50 to 54 years,,,,,,,,,,,,,,,,
10,Newfoundland and Labrador,Total - Gender,  55 to 59 years,,,,,,,,,,,,,,,,
10,Newfoundland and Labrador,Total - Gender,  60 to 64 years,,,,,,,,,,,,,,,,
10,Newfoundland and Labrador,Total - Gender,  65 years and over,,,,,,,,,,,,,,,,
10,Newfoundland and Labrador,Total - Gender,    65 to 69 years,,,,,,,,,,,,,,,,
10,Newfoundland and Labrador,Total - Gender,    70 to 74 years,,,,,,,,,,,,,,,,
10,Newfoundland and Labrador,Total - Gender,    75 to 79 years,,,,,,,,,,,,,,,,
10,Newfoundland and Labrador,Total - Gender,    80 to 84 years,,,,,,,,,,,,,,,,
10,Newfoundland and Labrador,Total - Gender,    85 years and over,,,,,,,,,,,,,,,,
10,Newfoundland and Labrador,  Men+,Total - Age,,,,,,,,,,,,,,,,
10,Newfoundland and Labrador,  Men+,  0 to 14 years,,,,,,,,,,,,,,,,
10,Newfoundland and Labrador,  Men+,  15 to 19 years,,,,,,,,,,,,,,,,
10,Newfoundland and Labrador,  Men+,    15 to 17 years,,,,,,,,,,,,,,,,
10,Newfoundland and Labrador,  Men+,    18 to 19 years,,,,,,,,,,,,,,,,
10,Newfoundland and Labrador,  Men+,  20 to 24 years,,,,,,,,,,,,,,,,
10,Newfoundland and Labrador,  Men+,  25 to 29 years,,,,,,,,,,,,,,,,
10,Newfoundland and Labrador,  Men+,  30 to 34 years,,,,,,,,,,,,,,,,
10,Newfoundland and Labrador,  Men+,  35 to 39 years,,,,,,,,,,,,,,,,
10,Newfoundland and Labrador,  Men+,  40 to 44 years,,,,,,,,,,,,,,,,
10,Newfoundland and Labrador,  Men+,  45 to 49 years,,,,,,,,,,,,,,,,
10,Newfoundland and Labrador,  Men+,  50 to 54 years,,,,,,,,,,,,,,,,
10,Newfoundland and Labrador,  Men+,  55 to 59 years,,,,,,,,,,,,,,,,
10,Newfoundland and Labrador,  Men+,  60 to 64 years,,,,,,,,,,,,,,,,
10,Newfoundland and Labrador,  Men+,  65 years and over,,,,,,,,,,,,,,,,
10,Newfoundland and Labrador,  Men+,    65 to 69 years,,,,,,,,,,,,,,,,
10,Newfoundland and Labrador,  Men+,    70 to 74 years,,,,,,,,,,,,,,,,
10,Newfoundland and Labrador,  Men+,    75 to 79 years,,,,,,,,,,,,,,,,
10,Newfoundland and Labrador,  Men+,    80 to 84 years,,,,,,,,,,,,,,,,
10,Newfoundland and Labrador,  Men+,    85 years and over,,,,,,,,,,,,,,,,
10,Newfoundland and Labrador,  Women+,Total - Age,,,,,,,,,,,,,,,,
10,Newfoundland and Labrador,  Women+,  0 to 14 years,,,,,,,,,,,,,,,,
10,Newfoundland and Labrador,  Women+,  15 to 19 years,,,,,,,,,,,,,,,,
10,Newfoundland and Labrador,  Women+,    15 to 17 years,,,,,,,,,,,,,,,,
10,Newfoundland and Labrador,  Women+,    18 to 19 years,,,,,,,,,,,,,,,,
10,Newfoundland and Labrador,  Women+,  20 to 24 years,,,,,,,,,,,,,,,,
10,Newfoundland and Labrador,  Women+,  25 to 29 years,,,,,,,,,,,,,,,,
10,Newfoundland and Labrador,  Women+,  30 to 34 years,,,,,,,,,,,,,,,,
10,Newfoundland and Labrador,  Women+,  35 to 39 years,,,,,,,,,,,,,,,,
10,Newfoundland and Labrador,  Women+,  40 to 44 years,,,,,,,,,,,,,,,,
10,Newfoundland and Labrador,  Women+,  45 to 49 years,,,,,,,,,,,,,,,,
10,Newfoundland and Labrador,  Women+,  50 to 54 years,,,,,,,,,,,,,,,,
10,Newfoundland and Labrador,  Women+,  55 to 59 years,,,,,,,,,,,,,,,,
10,Newfoundland and Labrador,  Women+,  60 to 64 years,,,,,,,,,,,,,,,,
10,Newfoundland and Labrador,  Women+,  65 years and over,,,,,,,,,,,,,,,,
10,Newfoundland and Labrador,  Women+,    65 to 69 years,,,,,,,,,,,,,,,,
10,Newfoundland and Labrador,  Women+,    70 to 74 years,,,,,,,,,,,,,,,,
10,Newfoundland and Labrador,  Women+,    75 to 79 years,,,,,,,,,,,,,,,,
10,Newfoundland and Labrador,  Women+,    80 to 84 years,,,,,,,,,,,,,,,,
10,Newfoundland and Labrador,  Women+,    85 years and over,,,,,,,,,,,,,,,,
11,Prince Edward Island,Total - Gender,Total - Age,,,,,,,,,,,,,,,,
11,Prince Edward Island,Total - Gender,  0 to 14 years,,,,,,,,,,,,,,,,
11,Prince Edward Island,Total - Gender,  15 to 19 years,,,,,,,,,,,,,,,,
11,Prince Edward Island,Total - Gender,    15 to 17 years,,,,,,,,,,,,,,,,
11,Prince Edward Island,Total - Gender,    18 to 19 years,,,,,,,,,,,,,,,,
11,Prince Edward Island,Total - Gender,  20 to 24 years,,,,,,,,,,,,,,,,
11,Prince Edward Island,Total - Gender,  25 to 29 years,,,,,,,,,,,,,,,,
11,Prince Edward Island,Total - Gender,  30 to 34 years,,,,,,,,,,,,,,,,
11,Prince Edward Island,Total - Gender,  35 to 39 years,,,,,,,,,,,,,,,,
11,Prince Edward Island,Total - Gender,  40 to 44 years,,,,,,,,,,,,,,,,
11,Prince Edward Island,Total - Gender,  45 to 49 years,,,,,,,,,,,,,,,,
11,Prince Edward Island,Total - Gender,  50 to 54 years,,,,,,,,,,,,,,,,
11,Prince Edward Island,Total - Gender,  55 to 59 years,,,,,,,,,,,,,,,,
11,Prince Edward Island,Total - Gender,  60 to 64 years,,,,,,,,,,,,,,,,
11,Prince Edward Island,Total - Gender,  65 years and over,,,,,,,,,,,,,,,,
11,Prince Edward Island,Total - Gender,    65 to 69 years,,,,,,,,,,,,,,,,
11,Prince Edward Island,Total - Gender,    70 to 74 years,,,,,,,,,,,,,,,,
11,Prince Edward Island,Total - Gender,    75 to 79 years,,,,,,,,,,,,,,,,
11,Prince Edward Island,Total - Gender,    80 to 84 years,,,,,,,,,,,,,,,,
11,Prince Edward Island,Total - Gender,    85 years and over,,,,,,,,,,,,,,,,
11,Prince Edward Island,  Men+,Total - Age,,,,,,,,,,,,,,,,
11,Prince Edward Island,  Men+,  0 to 14 years,,,,,,,,,,,,,,,,
11,Prince Edward Island,  Men+,  15 to 19 years,,,,,,,,,,,,,,,,
11,Prince Edward Island,  Men+,    15 to 17 years,,,,,,,,,,,,,,,,
11,Prince Edward Island,  Men+,    18 to 19 years,,,,,,,,,,,,,,,,
11,Prince Edward Island,  Men+,  20 to 24 years,,,,,,,,,,,,,,,,
11,Prince Edward Island,  Men+,  25 to 29 years,,,,,,,,,,,,,,,,
11,Prince Edward Island,  Men+,  30 to 34 years,,,,,,,,,,,,,,,,
11,Prince Edward Island,  Men+,  35 to 39 years,,,,,,,,,,,,,,,,
11,Prince Edward Island,  Men+,  40 to 44 years,,,,,,,,,,,,,,,,
11,Prince Edward Island,  Men+,  45 to 49 years,,,,,,,,,,,,,,,,
11,Prince Edward Island,  Men+,  50 to 54 years,,,,,,,,,,,,,,,,
11,Prince Edward Island,  Men+,  55 to 59 years,,,,,,,,,,,,,,,,
11,Prince Edward Island,  Men+,  60 to 64 years,,,,,,,,,,,,,,,,
11,Prince Edward Island,  Men+,  65 years and over,,,,,,,,,,,,,,,,
11,Prince Edward Island,  Men+,    65 to 69 years,,,,,,,,,,,,,,,,
11,Prince Edward Island,  Men+,    70 to 74 years,,,,,,,,,,,,,,,,
11,Prince Edward Island,  Men+,    75 to 79 years,,,,,,,,,,,,,,,,
11,Prince Edward Island,  Men+,    80 to 84 years,,,,,,,,,,,,,,,,
11,Prince Edward Island,  Men+,    85 years and over,,,,,,,,,,,,,,,,
11,Prince Edward Island,  Women+,Total - Age,,,,,,,,,,,,,,,,
11,Prince Edward Island,  Women+,  0 to 14 years,,,,,,,,,,,,,,,,
11,Prince Edward Island,  Women+,  15 to 19 years,,,,,,,,,,,,,,,,
11,Prince Edward Island,  Women+,    15 to 17 years,,,,,,,,,,,,,,,,
11,Prince Edward Island,  Women+,    18 to 19 years,,,,,,,,,,,,,,,,
11,Prince Edward Island,  Women+,  20 to 24 years,,,,,,,,,,,,,,,,
11,Prince Edward Island,  Women+,  25 to 29 years,,,,,,,,,,,,,,,,
11,Prince Edward Island,  Women+,  30 to 34 years,,,,,,,,,,,,,,,,
11,Prince Edward Island,  Women+,  35 to 39 years,,,,,,,,,,,,,,,,
11,Prince Edward Island,  Women+,  40 to 44 years,,,,,,,,,,,,,,,,
11,Prince Edward Island,  Women+,  45 to 49 years,,,,,,,,,,,,,,,,
11,Prince Edward Island,  Women+,  50 to 54 years,,,,,,,,,,,,,,,,
11,Prince Edward Island,  Women+,  55 to 59 years,,,,,,,,,,,,,,,,
11,Prince Edward Island,  Women+,  60 to 64 years,,,,,,,,,,,,,,,,
11,Prince Edward Island,  Women+,  65 years and over,,,,,,,,,,,,,,,,
11,Prince Edward Island,  Women+,    65 to 69 years,,,,,,,,,,,,,,,,
11,Prince Edward Island,  Women+,    70 to 74 years,,,,,,,,,,,,,,,,
11,Prince Edward Island,  Women+,    75 to 79 years,,,,,,,,,,,,,,,,
11,Prince Edward Island,  Women+,    80 to 84 years,,,,,,,,,,,,,,,,
11,Prince Edward Island,  Women+,    85 years and over,,,,,,,,,,,,,,,,
12,Nova Scotia,Total - Gender,Total - Age,,,,,,,,,,,,,,,,
12,Nova Scotia,Total - Gender,  0 to 14 years,,,,,,,,,,,,,,,,
12,Nova Scotia,Total - Gender,  15 to 19 years,,,,,,,,,,,,,,,,
12,Nova Scotia,Total - Gender,    15 to 17 years,,,,,,,,,,,,,,,,
12,Nova Scotia,Total - Gender,    18 to 19 years,,,,,,,,,,,,,,,,
12,Nova Scotia,Total - Gender,  20 to 24 years,,,,,,,,,,,,,,,,
12,Nova Scotia,Total - Gender,  25 to 29 years,,,,,,,,,,,,,,,,
12,Nova Scotia,Total - Gender,  30 to 34 years,,,,,,,,,,,,,,,,
12,Nova Scotia,Total - Gender,  35 to 39 years,,,,,,,,,,,,,,,,
12,Nova Scotia,Total - Gender,  40 to 44 years,,,,,,,,,,,,,,,,
12,Nova Scotia,Total - Gender,  45 to 49 years,,,,,,,,,,,,,,,,
12,Nova Scotia,Total - Gender,  50 to 54 years,,,,,,,,,,,,,,,,
12,Nova Scotia,Total - Gender,  55 to 59 years,,,,,,,,,,,,,,,,
12,Nova Scotia,Total - Gender,  60 to 64 years,,,,,,,,,,,,,,,,
12,Nova Scotia,Total - Gender,  65 years and over,,,,,,,,,,,,,,,,
12,Nova Scotia,Total - Gender,    65 to 69 years,,,,,,,,,,,,,,,,
12,Nova Scotia,Total - Gender,    70 to 74 years,,,,,,,,,,,,,,,,
12,Nova Scotia,Total - Gender,    75 to 79 years,,,,,,,,,,,,,,,,
12,Nova Scotia,Total - Gender,    80 to 84 years,,,,,,,,,,,,,,,,
12,Nova Scotia,Total - Gender,    85 years and over,,,,,,,,,,,,,,,,
12,Nova Scotia,  Men+,Total - Age,,,,,,,,,,,,,,,,
12,Nova Scotia,  Men+,  0 to 14 years,,,,,,,,,,,,,,,,
12,Nova Scotia,  Men+,  15 to 19 years,,,,,,,,,,,,,,,,
12,Nova Scotia,  Men+,    15 to 17 years,,,,,,,,,,,,,,,,
12,Nova Scotia,  Men+,    18 to 19 years,,,,,,,,,,,,,,,,
12,Nova Scotia,  Men+,  20 to 24 years,,,,,,,,,,,,,,,,
12,Nova Scotia,  Men+,  25 to 29 years,,,,,,,,,,,,,,,,
12,Nova Scotia,  Men+,  30 to 34 years,,,,,,,,,,,,,,,,
12,Nova Scotia,  Men+,  35 to 39 years,,,,,,,,,,,,,,,,
12,Nova Scotia,  Men+,  40 to 44 years,,,,,,,,,,,,,,,,
12,Nova Scotia,  Men+,  45 to 49 years,,,,,,,,,,,,,,,,
12,Nova Scotia,  Men+,  50 to 54 years,,,,,,,,,,,,,,,,
12,Nova Scotia,  Men+,  55 to 59 years,,,,,,,,,,,,,,,,
12,Nova Scotia,  Men+,  60 to 64 years,,,,,,,,,,,,,,,,
12,Nova Scotia,  Men+,  65 years and over,,,,,,,,,,,,,,,,
12,Nova Scotia,  Men+,    65 to 69 years,,,,,,,,,,,,,,,,
12,Nova Scotia,  Men+,    70 to 74 years,,,,,,,,,,,,,,,,
12,Nova Scotia,  Men+,    75 to 79 years,,,,,,,,,,,,,,,,
12,Nova Scotia,  Men+,    80 to 84 years,,,,,,,,,,,,,,,,
12,Nova Scotia,  Men+,    85 years and over,,,,,,,,,,,,,,,,
12,Nova Scotia,  Women+,Total - Age,,,,,,,,,,,,,,,,
12,Nova Scotia,  Women+,  0 to 14 years,,,,,,,,,,,,,,,,
12,Nova Scotia,  Women+,  15 to 19 years,,,,,,,,,,,,,,,,
12,Nova Scotia,  Women+,    15 to 17 years,,,,,,,,,,,,,,,,
12,Nova Scotia,  Women+,    18 to 19 years,,,,,,,,,,,,,,,,
12,Nova Scotia,  Women+,  20 to 24 years,,,,,,,,,,,,,,,,
12,Nova Scotia,  Women+,  25 to 29 years,,,,,,,,,,,,,,,,
12,Nova Scotia,  Women+,  30 to 34 years,,,,,,,,,,,,,,,,
12,Nova Scotia,  Women+,  35 to 39 years,,,,,,,,,,,,,,,,
12,Nova Scotia,  Women+,  40 to 44 years,,,,,,,,,,,,,,,,
12,Nova Scotia,  Women+,  45 to 49 years,,,,,,,,,,,,,,,,
12,Nova Scotia,  Women+,  50 to 54 years,,,,,,,,,,,,,,,,
12,Nova Scotia,  Women+,  55 to 59 years,,,,,,,,,,,,,,,,
12,Nova Scotia,  Women+,  60 to 64 years,,,,,,,,,,,,,,,,
12,Nova Scotia,  Women+,  65 years and over,,,,,,,,,,,,,,,,
12,Nova Scotia,  Women+,    65 to 69 years,,,,,,,,,,,,,,,,
12,Nova Scotia,  Women+,    70 to 74 years,,,,,,,,,,,,,,,,
12,Nova Scotia,  Women+,    75 to 79 years,,,,,,,,,,,,,,,,
12,Nova Scotia,  Women+,    80 to 84 years,,,,,,,,,,,,,,,,
12,Nova Scotia,  Women+,    85 years and over,,,,,,,,,,,,,,,,
13,New Brunswick,Total - Gender,Total - Age,,,,,,,,,,,,,,,,
13,New Brunswick,Total - Gender,  0 to 14 years,,,,,,,,,,,,,,,,
13,New Brunswick,Total - Gender,  15 to 19 years,,,,,,,,,,,,,,,,
13,New Brunswick,Total - Gender,    15 to 17 years,,,,,,,,,,,,,,,,
13,New Brunswick,Total - Gender,    18 to 19 years,,,,,,,,,,,,,,,,
13,New Brunswick,Total - Gender,  20 to 24 years,,,,,,,,,,,,,,,,
13,New Brunswick,Total - Gender,  25 to 29 years,,,,,,,,,,,,,,,,
13,New Brunswick,Total - Gender,  30 to 34 years,,,,,,,,,,,,,,,,
13,New Brunswick,Total - Gender,  35 to 39 years,,,,,,,,,,,,,,,,
13,New Brunswick,Total - Gender,  40 to 44 years,,,,,,,,,,,,,,,,
13,New Brunswick,Total - Gender,  45 to 49 years,,,,,,,,,,,,,,,,
13,New Brunswick,Total - Gender,  50 to 54 years,,,,,,,,,,,,,,,,
13,New Brunswick,Total - Gender,  55 to 59 years,,,,,,,,,,,,,,,,
13,New Brunswick,Total - Gender,  60 to 64 years,,,,,,,,,,,,,,,,
13,New Brunswick,Total - Gender,  65 years and over,,,,,,,,,,,,,,,,
13,New Brunswick,Total - Gender,    65 to 69 years,,,,,,,,,,,,,,,,
13,New Brunswick,Total - Gender,    70 to 74 years,,,,,,,,,,,,,,,,
13,New Brunswick,Total - Gender,    75 to 79 years,,,,,,,,,,,,,,,,
13,New Brunswick,Total - Gender,    80 to 84 years,,,,,,,,,,,,,,,,
13,New Brunswick,Total - Gender,    85 years and over,,,,,,,,,,,,,,,,
13,New Brunswick,  Men+,Total - Age,,,,,,,,,,,,,,,,
13,New Brunswick,  Men+,  0 to 14 years,,,,,,,,,,,,,,,,
13,New Brunswick,  Men+,  15 to 19 years,,,,,,,,,,,,,,,,
13,New Brunswick,  Men+,    15 to 17 years,,,,,,,,,,,,,,,,
13,New Brunswick,  Men+,    18 to 19 years,,,,,,,,,,,,,,,,
13,New Brunswick,  Men+,  20 to 24 years,,,,,,,,,,,,,,,,
13,New Brunswick,  Men+,  25 to 29 years,,,,,,,,,,,,,,,,
13,New Brunswick,  Men+,  30 to 34 years,,,,,,,,,,,,,,,,
13,New Brunswick,  Men+,  35 to 39 years,,,,,,,,,,,,,,,,
13,New Brunswick,  Men+,  40 to 44 years,,,,,,,,,,,,,,,,
13,New Brunswick,  Men+,  45 to 49 years,,,,,,,,,,,,,,,,
13,New Brunswick,  Men+,  50 to 54 years,,,,,,,,,,,,,,,,
13,New Brunswick,  Men+,  55 to 59 years,,,,,,,,,,,,,,,,
13,New Brunswick,  Men+,  60 to 64 years,,,,,,,,,,,,,,,,
13,New Brunswick,  Men+,  65 years and over,,,,,,,,,,,,,,,,
13,New Brunswick,  Men+,    65 to 69 years,,,,,,,,,,,,,,,,
13,New Brunswick,  Men+,    70 to 74 years,,,,,,,,,,,,,,,,
13,New Brunswick,  Men+,    75 to 79 years,,,,,,,,,,,,,,,,
13,New Brunswick,  Men+,    80 to 84 years,,,,,,,,,,,,,,,,
13,New Brunswick,  Men+,    85 years and over,,,,,,,,,,,,,,,,
13,New Brunswick,  Women+,Total - Age,,,,,,,,,,,,,,,,
13,New Brunswick,  Women+,  0 to 14 years,,,,,,,,,,,,,,,,
13,New Brunswick,  Women+,  15 to 19 years,,,,,,,,,,,,,,,,
13,New Brunswick,  Women+,    15 to 17 years,,,,,,,,,,,,,,,,
13,New Brunswick,  Women+,    18 to 19 years,,,,,,,,,,,,,,,,
13,New Brunswick,  Women+,  20 to 24 years,,,,,,,,,,,,,,,,
13,New Brunswick,  Women+,  25 to 29 years,,,,,,,,,,,,,,,,
13,New Brunswick,  Women+,  30 to 34 years,,,,,,,,,,,,,,,,
13,New Brunswick,  Women+,  35 to 39 years,,,,,,,,,,,,,,,,
13,New Brunswick,  Women+,  40 to 44 years,,,,,,,,,,,,,,,,
13,New Brunswick,  Women+,  45 to 49 years,,,,,,,,,,,,,,,,
13,New Brunswick,  Women+,  50 to 54 years,,,,,,,,,,,,,,,,
13,New Brunswick,  Women+,  55 to 59 years,,,,,,,,,,,,,,,,
13,New Brunswick,  Women+,  60 to 64 years,,,,,,,,,,,,,,,,
13,New Brunswick,  Women+,  65 years and over,,,,,,,,,,,,,,,,
13,New Brunswick,  Women+,    65 to 69 years,,,,,,,,,,,,,,,,
13,New Brunswick,  Women+,    70 to 74 years,,,,,,,,,,,,,,,,
13,New Brunswick,  Women+,    75 to 79 years,,,,,,,,,,,,,,,,
13,New Brunswick,  Women+,    80 to 84 years,,,,,,,,,,,,,,,,
13,New Brunswick,  Women+,    85 years and over,,,,,,,,,,,,,,,,
24,Quebec,Total - Gender,Total - Age,,,,,,,,,,,,,,,,
24,Quebec,Total - Gender,  0 to 14 years,,,,,,,,,,,,,,,,
24,Quebec,Total - Gender,  15 to 19 years,,,,,,,,,,,,,,,,
24,Quebec,Total - Gender,    15 to 17 years,,,,,,,,,,,,,,,,
24,Quebec,Total - Gender,    18 to 19 years,,,,,,,,,,,,,,,,
24,Quebec,Total - Gender,  20 to 24 years,,,,,,,,,,,,,,,,
24,Quebec,Total - Gender,  25 to 29 years,,,,,,,,,,,,,,,,
24,Quebec,Total - Gender,  30 to 34 years,,,,,,,,,,,,,,,,
24,Quebec,Total - Gender,  35 to 39 years,,,,,,,,,,,,,,,,
24,Quebec,Total - Gender,  40 to 44 years,,,,,,,,,,,,,,,,
24,Quebec,Total - Gender,  45 to 49 years,,,,,,,,,,,,,,,,
24,Quebec,Total - Gender,  50 to 54 years,,,,,,,,,,,,,,,,
24,Quebec,Total - Gender,  55 to 59 years,,,,,,,,,,,,,,,,
24,Quebec,Total - Gender,  60 to 64 years,,,,,,,,,,,,,,,,
24,Quebec,Total - Gender,  65 years and over,,,,,,,,,,,,,,,,
24,Quebec,Total - Gender,    65 to 69 years,,,,,,,,,,,,,,,,
24,Quebec,Total - Gender,    70 to 74 years,,,,,,,,,,,,,,,,
24,Quebec,Total - Gender,    75 to 79 years,,,,,,,,,,,,,,,,
24,Quebec,Total - Gender,    80 to 84 years,,,,,,,,,,,,,,,,
24,Quebec,Total - Gender,    85 years and over,,,,,,,,,,,,,,,,
24,Quebec,  Men+,Total - Age,,,,,,,,,,,,,,,,
24,Quebec,  Men+,  0 to 14 years,,,,,,,,,,,,,,,,
24,Quebec,  Men+,  15 to 19 years,,,,,,,,,,,,,,,,
24,Quebec,  Men+,    15 to 17 years,,,,,,,,,,,,,,,,
24,Quebec,  Men+,    18 to 19 years,,,,,,,,,,,,,,,,
24,Quebec,  Men+,  20 to 24 years,,,,,,,,,,,,,,,,
24,Quebec,  Men+,  25 to 29 years,,,,,,,,,,,,,,,,
24,Quebec,  Men+,  30 to 34 years,,,,,,,,,,,,,,,,
24,Quebec,  Men+,  35 to 39 years,,,,,,,,,,,,,,,,
24,Quebec,  Men+,  40 to 44 years,,,,,,,,,,,,,,,,
24,Quebec,  Men+,  45 to 49 years,,,,,,,,,,,,,,,,
24,Quebec,  Men+,  50 to 54 years,,,,,,,,,,,,,,,,
24,Quebec,  Men+,  55 to 59 years,,,,,,,,,,,,,,,,
24,Quebec,  Men+,  60 to 64 years,,,,,,,,,,,,,,,,
24,Quebec,  Men+,  65 years and over,,,,,,,,,,,,,,,,
24,Quebec,  Men+,    65 to 69 years,,,,,,,,,,,,,,,,
24,Quebec,  Men+,    70 to 74 years,,,,,,,,,,,,,,,,
24,Quebec,  Men+,    75 to 79 years,,,,,,,,,,,,,,,,
24,Quebec,  Men+,    80 to 84 years,,,,,,,,,,,,,,,,
24,Quebec,  Men+,    85 years and over,,,,,,,,,,,,,,,,
24,Quebec,  Women+,Total - Age,,,,,,,,,,,,,,,,
24,Quebec,  Women+,  0 to 14 years,,,,,,,,,,,,,,,,
24,Quebec,  Women+,  15 to 19 years,,,,,,,,,,,,,,,,
24,Quebec,  Women+,    15 to 17 years,,,,,,,,,,,,,,,,
24,Quebec,  Women+,    18 to 19 years,,,,,,,,,,,,,,,,
24,Quebec,  Women+,  20 to 24 years,,,,,,,,,,,,,,,,
24,Quebec,  Women+,  25 to 29 years,,,,,,,,,,,,,,,,
24,Quebec,  Women+,  30 to 34 years,,,,,,,,,,,,,,,,
24,Quebec,  Women+,  35 to 39 years,,,,,,,,,,,,,,,,
24,Quebec,  Women+,  40 to 44 years,,,,,,,,,,,,,,,,
24,Quebec,  Women+,  45 to 49 years,,,,,,,,,,,,,,,,
24,Quebec,  Women+,  50 to 54 years,,,,,,,,,,,,,,,,
24,Quebec,  Women+,  55 to 59 years,,,,,,,,,,,,,,,,
24,Quebec,  Women+,  60 to 64 years,,,,,,,,,,,,,,,,
24,Quebec,  Women+,  65 years and over,,,,,,,,,,,,,,,,
24,Quebec,  Women+,    65 to 69 years,,,,,,,,,,,,,,,,
24,Quebec,  Women+,    70 to 74 years,,,,,,,,,,,,,,,,
24,Quebec,  Women+,    75 to 79 years,,,,,,,,,,,,,,,,
24,Quebec,  Women+,    80 to 84 years,,,,,,,,,,,,,,,,
24,Quebec,  Women+,    85 years and over,,,,,,,,,,,,,,,,
35,Ontario,Total - Gender,Total - Age,,,,,,,,,,,,,,,,
35,Ontario,Total - Gender,  0 to 14 years,,,,,,,,,,,,,,,,
35,Ontario,Total - Gender,  15 to 19 years,,,,,,,,,,,,,,,,
35,Ontario,Total - Gender,    15 to 17 years,,,,,,,,,,,,,,,,
35,Ontario,Total - Gender,    18 to 19 years,,,,,,,,,,,,,,,,
35,Ontario,Total - Gender,  20 to 24 years,,,,,,,,,,,,,,,,
35,Ontario,Total - Gender,  25 to 29 years,,,,,,,,,,,,,,,,
35,Ontario,Total - Gender,  30 to 34 years,,,,,,,,,,,,,,,,
35,Ontario,Total - Gender,  35 to 39 years,,,,,,,,,,,,,,,,
35,Ontario,Total - Gender,  40 to 44 years,,,,,,,,,,,,,,,,
35,Ontario,Total - Gender,  45 to 49 years,,,,,,,,,,,,,,,,
35,Ontario,Total - Gender,  50 to 54 years,,,,,,,,,,,,,,,,
35,Ontario,Total - Gender,  55 to 59 years,,,,,,,,,,,,,,,,
35,Ontario,Total - Gender,  60 to 64 years,,,,,,,,,,,,,,,,
35,Ontario,Total - Gender,  65 years and over,,,,,,,,,,,,,,,,
35,Ontario,Total - Gender,    65 to 69 years,,,,,,,,,,,,,,,,
35,Ontario,Total - Gender,    70 to 74 years,,,,,,,,,,,,,,,,
35,Ontario,Total - Gender,    75 to 79 years,,,,,,,,,,,,,,,,
35,Ontario,Total - Gender,    80 to 84 years,,,,,,,,,,,,,,,,
35,Ontario,Total - Gender,    85 years and over,,,,,,,,,,,,,,,,
35,Ontario,  Men+,Total - Age,,,,,,,,,,,,,,,,
35,Ontario,  Men+,  0 to 14 years,,,,,,,,,,,,,,,,
35,Ontario,  Men+,  15 to 19 years,,,,,,,,,,,,,,,,
35,Ontario,  Men+,    15 to 17 years,,,,,,,,,,,,,,,,
35,Ontario,  Men+,    18 to 19 years,,,,,,,,,,,,,,,,
35,Ontario,  Men+,  20 to 24 years,,,,,,,,,,,,,,,,
35,Ontario,  Men+,  25 to 29 years,,,,,,,,,,,,,,,,
35,Ontario,  Men+,  30 to 34 years,,,,,,,,,,,,,,,,
35,Ontario,  Men+,  35 to 39 years,,,,,,,,,,,,,,,,
35,Ontario,  Men+,  40 to 44 years,,,,,,,,,,,,,,,,
35,Ontario,  Men+,  45 to 49 years,,,,,,,,,,,,,,,,
35,Ontario,  Men+,  50 to 54 years,,,,,,,,,,,,,,,,
35,Ontario,  Men+,  55 to 59 years,,,,,,,,,,,,,,,,
35,Ontario,  Men+,  60 to 64 years,,,,,,,,,,,,,,,,
35,Ontario,  Men+,  65 years and over,,,,,,,,,,,,,,,,
35,Ontario,  Men+,    65 to 69 years,,,,,,,,,,,,,,,,
35,Ontario,  Men+,    70 to 74 years,,,,,,,,,,,,,,,,
35,Ontario,  Men+,    75 to 79 years,,,,,,,,,,,,,,,,
35,Ontario,  Men+,    80 to 84 years,,,,,,,,,,,,,,,,
35,Ontario,  Men+,    85 years and over,,,,,,,,,,,,,,,,
35,Ontario,  Women+,Total - Age,,,,,,,,,,,,,,,,
35,Ontario,  Women+,  0 to 14 years,,,,,,,,,,,,,,,,
35,Ontario,  Women+,  15 to 19 years,,,,,,,,,,,,,,,,
35,Ontario,  Women+,    15 to 17 years,,,,,,,,,,,,,,,,
35,Ontario,  Women+,    18 to 19 years,,,,,,,,,,,,,,,,
35,Ontario,  Women+,  20 to 24 years,,,,,,,,,,,,,,,,
35,Ontario,  Women+,  25 to 29 years,,,,,,,,,,,,,,,,
35,Ontario,  Women+,  30 to 34 years,,,,,,,,,,,,,,,,
35,Ontario,  Women+,  35 to 39 years,,,,,,,,,,,,,,,,
35,Ontario,  Women+,  40 to 44 years,,,,,,,,,,,,,,,,
35,Ontario,  Women+,  45 to 49 years,,,,,,,,,,,,,,,,
35,Ontario,  Women+,  50 to 54 years,,,,,,,,,,,,,,,,
35,Ontario,  Women+,  55 to 59 years,,,,,,,,,,,,,,,,
35,Ontario,  Women+,  60 to 64 years,,,,,,,,,,,,,,,,
35,Ontario,  Women+,  65 years and over,,,,,,,,,,,,,,,,
35,Ontario,  Women+,    65 to 69 years,,,,,,,,,,,,,,,,
35,Ontario,  Women+,    70 to 74 years,,,,,,,,,,,,,,,,
35,Ontario,  Women+,    75 to 79 years,,,,,,,,,,,,,,,,
35,Ontario,  Women+,    80 to 84 years,,,,,,,,,,,,,,,,
35,Ontario,  Women+,    85 years and over,,,,,,,,,,,,,,,,
46,Manitoba,Total - Gender,Total - Age,,,,,,,,,,,,,,,,
46,Manitoba,Total - Gender,  0 to 14 years,,,,,,,,,,,,,,,,
46,Manitoba,Total - Gender,  15 to 19 years,,,,,,,,,,,,,,,,
46,Manitoba,Total - Gender,    15 to 17 years,,,,,,,,,,,,,,,,
46,Manitoba,Total - Gender,    18 to 19 years,,,,,,,,,,,,,,,,
46,Manitoba,Total - Gender,  20 to 24 years,,,,,,,,,,,,,,,,
46,Manitoba,Total - Gender,  25 to 29 years,,,,,,,,,,,,,,,,
46,Manitoba,Total - Gender,  30 to 34 years,,,,,,,,,,,,,,,,
46,Manitoba,Total - Gender,  35 to 39 years,,,,,,,,,,,,,,,,
46,Manitoba,Total - Gender,  40 to 44 years,,,,,,,,,,,,,,,,
46,Manitoba,Total - Gender,  45 to 49 years,,,,,,,,,,,,,,,,
46,Manitoba,Total - Gender,  50 to 54 years,,,,,,,,,,,,,,,,
46,Manitoba,Total - Gender,  55 to 59 years,,,,,,,,,,,,,,,,
46,Manitoba,Total - Gender,  60 to 64 years,,,,,,,,,,,,,,,,
46,Manitoba,Total - Gender,  65 years and over,,,,,,,,,,,,,,,,
46,Manitoba,Total - Gender,    65 to 69 years,,,,,,,,,,,,,,,,
46,Manitoba,Total - Gender,    70 to 74 years,,,,,,,,,,,,,,,,
46,Manitoba,Total - Gender,    75 to 79 years,,,,,,,,,,,,,,,,
46,Manitoba,Total - Gender,    80 to 84 years,,,,,,,,,,,,,,,,
46,Manitoba,Total - Gender,    85 years and over,,,,,,,,,,,,,,,,
46,Manitoba,  Men+,Total - Age,,,,,,,,,,,,,,,,
46,Manitoba,  Men+,  0 to 14 years,,,,,,,,,,,,,,,,
46,Manitoba,  Men+,  15 to 19 years,,,,,,,,,,,,,,,,
46,Manitoba,  Men+,    15 to 17 years,,,,,,,,,,,,,,,,
46,Manitoba,  Men+,    18 to 19 years,,,,,,,,,,,,,,,,
46,Manitoba,  Men+,  20 to 24 years,,,,,,,,,,,,,,,,
46,Manitoba,  Men+,  25 to 29 years,,,,,,,,,,,,,,,,
46,Manitoba,  Men+,  30 to 34 years,,,,,,,,,,,,,,,,
46,Manitoba,  Men+,  35 to 39 years,,,,,,,,,,,,,,,,
46,Manitoba,  Men+,  40 to 44 years,,,,,,,,,,,,,,,,
46,Manitoba,  Men+,  45 to 49 years,,,,,,,,,,,,,,,,
46,Manitoba,  Men+,  50 to 54 years,,,,,,,,,,,,,,,,
46,Manitoba,  Men+,  55 to 59 years,,,,,,,,,,,,,,,,
46,Manitoba,  Men+,  60 to 64 years,,,,,,,,,,,,,,,,
46,Manitoba,  Men+,  65 years and over,,,,,,,,,,,,,,,,
46,Manitoba,  Men+,    65 to 69 years,,,,,,,,,,,,,,,,
46,Manitoba,  Men+,    70 to 74 years,,,,,,,,,,,,,,,,
46,Manitoba,  Men+,    75 to 79 years,,,,,,,,,,,,,,,,
46,Manitoba,  Men+,    80 to 84 years,,,,,,,,,,,,,,,,
46,Manitoba,  Men+,    85 years and over,,,,,,,,,,,,,,,,
46,Manitoba,  Women+,Total - Age,,,,,,,,,,,,,,,,
46,Manitoba,  Women+,  0 to 14 years,,,,,,,,,,,,,,,,
46,Manitoba,  Women+,  15 to 19 years,,,,,,,,,,,,,,,,
46,Manitoba,  Women+,    15 to 17 years,,,,,,,,,,,,,,,,
46,Manitoba,  Women+,    18 to 19 years,,,,,,,,,,,,,,,,
46,Manitoba,  Women+,  20 to 24 years,,,,,,,,,,,,,,,,
46,Manitoba,  Women+,  25 to 29 years,,,,,,,,,,,,,,,,
46,Manitoba,  Women+,  30 to 34 years,,,,,,,,,,,,,,,,
46,Manitoba,  Women+,  35 to 39 years,,,,,,,,,,,,,,,,
46,Manitoba,  Women+,  40 to 44 years,,,,,,,,,,,,,,,,
46,Manitoba,  Women+,  45 to 49 years,,,,,,,,,,,,,,,,
46,Manitoba,  Women+,  50 to 54 years,,,,,,,,,,,,,,,,
46,Manitoba,  Women+,  55 to 59 years,,,,,,,,,,,,,,,,
46,Manitoba,  Women+,  60 to 64 years,,,,,,,,,,,,,,,,
46,Manitoba,  Women+,  65 years and over,,,,,,,,,,,,,,,,
46,Manitoba,  Women+,    65 to 69 years,,,,,,,,,,,,,,,,
46,Manitoba,  Women+,    70 to 74 years,,,,,,,,,,,,,,,,
46,Manitoba,  Women+,    75 to 79 years,,,,,,,,,,,,,,,,
46,Manitoba,  Women+,    80 to 84 years,,,,,,,,,,,,,,,,
46,Manitoba,  Women+,    85 years and over,,,,,,,,,,,,,,,,
47,Saskatchewan,Total - Gender,Total - Age,,,,,,,,,,,,,,,,
47,Saskatchewan,Total - Gender,  0 to 14 years,,,,,,,,,,,,,,,,
47,Saskatchewan,Total - Gender,  15 to 19 years,,,,,,,,,,,,,,,,
47,Saskatchewan,Total - Gender,    15 to 17 years,,,,,,,,,,,,,,,,
47,Saskatchewan,Total - Gender,    18 to 19 years,,,,,,,,,,,,,,,,
47,Saskatchewan,Total - Gender,  20 to 24 years,,,,,,,,,,,,,,,,
47,Saskatchewan,Total - Gender,  25 to 29 years,,,,,,,,,,,,,,,,
47,Saskatchewan,Total - Gender,  30 to 34 years,,,,,,,,,,,,,,,,
47,Saskatchewan,Total - Gender,  35 to 39 years,,,,,,,,,,,,,,,,
47,Saskatchewan,Total - Gender,  40 to 44 years,,,,,,,,,,,,,,,,
47,Saskatchewan,Total - Gender,  45 to 49 years,,,,,,,,,,,,,,,,
47,Saskatchewan,Total - Gender,  50 to 54 years,,,,,,,,,,,,,,,,
47,Saskatchewan,Total - Gender,  55 to 59 years,,,,,,,,,,,,,,,,
47,Saskatchewan,Total - Gender,  60 to 64 years,,,,,,,,,,,,,,,,
47,Saskatchewan,Total - Gender,  65 years and over,,,,,,,,,,,,,,,,
47,Saskatchewan,Total - Gender,    65 to 69 years,,,,,,,,,,,,,,,,
47,Saskatchewan,Total - Gender,    70 to 74 years,,,,,,,,,,,,,,,,
47,Saskatchewan,Total - Gender,    75 to 79 years,,,,,,,,,,,,,,,,
47,Saskatchewan,Total - Gender,    80 to 84 years,,,,,,,,,,,,,,,,
47,Saskatchewan,Total - Gender,    85 years and over,,,,,,,,,,,,,,,,
47,Saskatchewan,  Men+,Total - Age,,,,,,,,,,,,,,,,
47,Saskatchewan,  Men+,  0 to 14 years,,,,,,,,,,,,,,,,
47,Saskatchewan,  Men+,  15 to 19 years,,,,,,,,,,,,,,,,
47,Saskatchewan,  Men+,    15 to 17 years,,,,,,,,,,,,,,,,
47,Saskatchewan,  Men+,    18 to 19 years,,,,,,,,,,,,,,,,
47,Saskatchewan,  Men+,  20 to 24 years,,,,,,,,,,,,,,,,
47,Saskatchewan,  Men+,  25 to 29 years,,,,,,,,,,,,,,,,
47,Saskatchewan,  Men+,  30 to 34 years,,,,,,,,,,,,,,,,
47,Saskatchewan,  Men+,  35 to 39 years,,,,,,,,,,,,,,,,
47,Saskatchewan,  Men+,  40 to 44 years,,,,,,,,,,,,,,,,
47,Saskatchewan,  Men+,  45 to 49 years,,,,,,,,,,,,,,,,
47,Saskatchewan,  Men+,  50 to 54 years,,,,,,,,,,,,,,,,
47,Saskatchewan,  Men+,  55 to 59 years,,,,,,,,,,,,,,,,
47,Saskatchewan,  Men+,  60 to 64 years,,,,,,,,,,,,,,,,
47,Saskatchewan,  Men+,  65 years and over,,,,,,,,,,,,,,,,
47,Saskatchewan,  Men+,    65 to 69 years,,,,,,,,,,,,,,,,
47,Saskatchewan,  Men+,    70 to 74 years,,,,,,,,,,,,,,,,
47,Saskatchewan,  Men+,    75 to 79 years,,,,,,,,,,,,,,,,
47,Saskatchewan,  Men+,    80 to 84 years,,,,,,,,,,,,,,,,
47,Saskatchewan,  Men+,    85 years and over,,,,,,,,,,,,,,,,
47,Saskatchewan,  Women+,Total - Age,,,,,,,,,,,,,,,,
47,Saskatchewan,  Women+,  0 to 14 years,,,,,,,,,,,,,,,,
47,Saskatchewan,  Women+,  15 to 19 years,,,,,,,,,,,,,,,,
47,Saskatchewan,  Women+,    15 to 17 years,,,,,,,,,,,,,,,,
47,Saskatchewan,  Women+,    18 to 19 years,,,,,,,,,,,,,,,,
47,Saskatchewan,  Women+,  20 to 24 years,,,,,,,,,,,,,,,,
47,Saskatchewan,  Women+,  25 to 29 years,,,,,,,,,,,,,,,,
47,Saskatchewan,  Women+,  30 to 34 years,,,,,,,,,,,,,,,,
47,Saskatchewan,  Women+,  35 to 39 years,,,,,,,,,,,,,,,,
47,Saskatchewan,  Women+,  40 to 44 years,,,,,,,,,,,,,,,,
47,Saskatchewan,  Women+,  45 to 49 years,,,,,,,,,,,,,,,,
47,Saskatchewan,  Women+,  50 to 54 years,,,,,,,,,,,,,,,,
47,Saskatchewan,  Women+,  55 to 59 years,,,,,,,,,,,,,,,,
47,Saskatchewan,  Women+,  60 to 64 years,,,,,,,,,,,,,,,,
47,Saskatchewan,  Women+,  65 years and over,,,,,,,,,,,,,,,,
47,Saskatchewan,  Women+,    65 to 69 years,,,,,,,,,,,,,,,,
47,Saskatchewan,  Women+,    70 to 74 years,,,,,,,,,,,,,,,,
47,Saskatchewan,  Women+,    75 to 79 years,,,,,,,,,,,,,,,,
47,Saskatchewan,  Women+,    80 to 84 years,,,,,,,,,,,,,,,,
47,Saskatchewan,  Women+,    85 years and over,,,,,,,,,,,,,,,,
48,Alberta,Total - Gender,Total - Age,,,,,,,,,,,,,,,,
48,Alberta,Total - Gender,  0 to 14 years,,,,,,,,,,,,,,,,
48,Alberta,Total - Gender,  15 to 19 years,,,,,,,,,,,,,,,,
48,Alberta,Total - Gender,    15 to 17 years,,,,,,,,,,,,,,,,
48,Alberta,Total - Gender,    18 to 19 years,,,,,,,,,,,,,,,,
48,Alberta,Total - Gender,  20 to 24 years,,,,,,,,,,,,,,,,
48,Alberta,Total - Gender,  25 to 29 years,,,,,,,,,,,,,,,,
48,Alberta,Total - Gender,  30 to 34 years,,,,,,,,,,,,,,,,
48,Alberta,Total - Gender,  35 to 39 years,,,,,,,,,,,,,,,,
48,Alberta,Total - Gender,  40 to 44 years,,,,,,,,,,,,,,,,
48,Alberta,Total - Gender,  45 to 49 years,,,,,,,,,,,,,,,,
48,Alberta,Total - Gender,  50 to 54 years,,,,,,,,,,,,,,,,
48,Alberta,Total - Gender,  55 to 59 years,,,,,,,,,,,,,,,,
48,Alberta,Total - Gender,  60 to 64 years,,,,,,,,,,,,,,,,
48,Alberta,Total - Gender,  65 years and over,,,,,,,,,,,,,,,,
48,Alberta,Total - Gender,    65 to 69 years,,,,,,,,,,,,,,,,
48,Alberta,Total - Gender,    70 to 74 years,,,,,,,,,,,,,,,,
48,Alberta,Total - Gender,    75 to 79 years,,,,,,,,,,,,,,,,
48,Alberta,Total - Gender,    80 to 84 years,,,,,,,,,,,,,,,,
48,Alberta,Total - Gender,    85 years and over,,,,,,,,,,,,,,,,
48,Alberta,  Men+,Total - Age,,,,,,,,,,,,,,,,
48,Alberta,  Men+,  0 to 14 years,,,,,,,,,,,,,,,,
48,Alberta,  Men+,  15 to 19 years,,,,,,,,,,,,,,,,
48,Alberta,  Men+,    15 to 17 years,,,,,,,,,,,,,,,,
48,Alberta,  Men+,    18 to 19 years,,,,,,,,,,,,,,,,
48,Alberta,  Men+,  20 to 24 years,,,,,,,,,,,,,,,,
48,Alberta,  Men+,  25 to 29 years,,,,,,,,,,,,,,,,
48,Alberta,  Men+,  30 to 34 years,,,,,,,,,,,,,,,,
48,Alberta,  Men+,  35 to 39 years,,,,,,,,,,,,,,,,
48,Alberta,  Men+,  40 to 44 years,,,,,,,,,,,,,,,,
48,Alberta,  Men+,  45 to 49 years,,,,,,,,,,,,,,,,
48,Alberta,  Men+,  50 to 54 years,,,,,,,,,,,,,,,,
48,Alberta,  Men+,  55 to 59 years,,,,,,,,,,,,,,,,
48,Alberta,  Men+,  60 to 64 years,,,,,,,,,,,,,,,,
48,Alberta,  Men+,  65 years and over,,,,,,,,,,,,,,,,
48,Alberta,  Men+,    65 to 69 years,,,,,,,,,,,,,,,,
48,Alberta,  Men+,    70 to 74 years,,,,,,,,,,,,,,,,
48,Alberta,  Men+,    75 to 79 years,,,,,,,,,,,,,,,,
48,Alberta,  Men+,    80 to 84 years,,,,,,,,,,,,,,,,
48,Alberta,  Men+,    85 years and over,,,,,,,,,,,,,,,,
48,Alberta,  Women+,Total - Age,,,,,,,,,,,,,,,,
48,Alberta,  Women+,  0 to 14 years,,,,,,,,,,,,,,,,
48,Alberta,  Women+,  15 to 19 years,,,,,,,,,,,,,,,,
48,Alberta,  Women+,    15 to 17 years,,,,,,,,,,,,,,,,
48,Alberta,  Women+,    18 to 19 years,,,,,,,,,,,,,,,,
48,Alberta,  Women+,  20 to 24 years,,,,,,,,,,,,,,,,
48,Alberta,  Women+,  25 to 29 years,,,,,,,,,,,,,,,,
48,Alberta,  Women+,  30 to 34 years,,,,,,,,,,,,,,,,
48,Alberta,  Women+,  35 to 39 years,,,,,,,,,,,,,,,,
48,Alberta,  Women+,  40 to 44 years,,,,,,,,,,,,,,,,
48,Alberta,  Women+,  45 to 49 years,,,,,,,,,,,,,,,,
48,Alberta,  Women+,  50 to 54 years,,,,,,,,,,,,,,,,
48,Alberta,  Women+,  55 to 59 years,,,,,,,,,,,,,,,,
48,Alberta,  Women+,  60 to 64 years,,,,,,,,,,,,,,,,
48,Alberta,  Women+,  65 years and over,,,,,,,,,,,,,,,,
48,Alberta,  Women+,    65 to 69 years,,,,,,,,,,,,,,,,
48,Alberta,  Women+,    70 to 74 years,,,,,,,,,,,,,,,,
48,Alberta,  Women+,    75 to 79 years,,,,,,,,,,,,,,,,
48,Alberta,  Women+,    80 to 84 years,,,,,,,,,,,,,,,,
48,Alberta,  Women+,    85 years and over,,,,,,,,,,,,,,,,
59,British Columbia,Total - Gender,Total - Age,,,,,,,,,,,,,,,,
59,British Columbia,Total - Gender,  0 to 14 years,,,,,,,,,,,,,,,,
59,British Columbia,Total - Gender,  15 to 19 years,,,,,,,,,,,,,,,,
59,British Columbia,Total - Gender,    15 to 17 years,,,,,,,,,,,,,,,,
59,British Columbia,Total - Gender,    18 to 19 years,,,,,,,,,,,,,,,,
59,British Columbia,Total - Gender,  20 to 24 years,,,,,,,,,,,,,,,,
59,British Columbia,Total - Gender,  25 to 29 years,,,,,,,,,,,,,,,,
59,British Columbia,Total - Gender,  30 to 34 years,,,,,,,,,,,,,,,,
59,British Columbia,Total - Gender,  35 to 39 years,,,,,,,,,,,,,,,,
59,British Columbia,Total - Gender,  40 to 44 years,,,,,,,,,,,,,,,,
59,British Columbia,Total - Gender,  45 to 49 years,,,,,,,,,,,,,,,,
59,British Columbia,Total - Gender,  50 to 54 years,,,,,,,,,,,,,,,,
59,British Columbia,Total - Gender,  55 to 59 years,,,,,,,,,,,,,,,,
59,British Columbia,Total - Gender,  60 to 64 years,,,,,,,,,,,,,,,,
59,British Columbia,Total - Gender,  65 years and over,,,,,,,,,,,,,,,,
59,British Columbia,Total - Gender,    65 to 69 years,,,,,,,,,,,,,,,,
59,British Columbia,Total - Gender,    70 to 74 years,,,,,,,,,,,,,,,,
59,British Columbia,Total - Gender,    75 to 79 years,,,,,,,,,,,,,,,,
59,British Columbia,Total - Gender,    80 to 84 years,,,,,,,,,,,,,,,,
59,British Columbia,Total - Gender,    85 years and over,,,,,,,,,,,,,,,,
59,British Columbia,  Men+,Total - Age,,,,,,,,,,,,,,,,
59,British Columbia,  Men+,  0 to 14 years,,,,,,,,,,,,,,,,
59,British Columbia,  Men+,  15 to 19 years,,,,,,,,,,,,,,,,
59,British Columbia,  Men+,    15 to 17 years,,,,,,,,,,,,,,,,
59,British Columbia,  Men+,    18 to 19 years,,,,,,,,,,,,,,,,
59,British Columbia,  Men+,  20 to 24 years,,,,,,,,,,,,,,,,
59,British Columbia,  Men+,  25 to 29 years,,,,,,,,,,,,,,,,
59,British Columbia,  Men+,  30 to 34 years,,,,,,,,,,,,,,,,
59,British Columbia,  Men+,  35 to 39 years,,,,,,,,,,,,,,,,
59,British Columbia,  Men+,  40 to 44 years,,,,,,,,,,,,,,,,
59,British Columbia,  Men+,  45 to 49 years,,,,,,,,,,,,,,,,
59,British Columbia,  Men+,  50 to 54 years,,,,,,,,,,,,,,,,
59,British Columbia,  Men+,  55 to 59 years,,,,,,,,,,,,,,,,
59,British Columbia,  Men+,  60 to 64 years,,,,,,,,,,,,,,,,
59,British Columbia,  Men+,  65 years and over,,,,,,,,,,,,,,,,
59,British Columbia,  Men+,    65 to 69 years,,,,,,,,,,,,,,,,
59,British Columbia,  Men+,    70 to 74 years,,,,,,,,,,,,,,,,
59,British Columbia,  Men+,    75 to 79 years,,,,,,,,,,,,,,,,
59,British Columbia,  Men+,    80 to 84 years,,,,,,,,,,,,,,,,
59,British Columbia,  Men+,    85 years and over,,,,,,,,,,,,,,,,
59,British Columbia,  Women+,Total - Age,,,,,,,,,,,,,,,,
59,British Columbia,  Women+,  0 to 14 years,,,,,,,,,,,,,,,,
59,British Columbia,  Women+,  15 to 19 years,,,,,,,,,,,,,,,,
59,British Columbia,  Women+,    15 to 17 years,,,,,,,,,,,,,,,,
59,British Columbia,  Women+,    18 to 19 years,,,,,,,,,,,,,,,,
59,British Columbia,  Women+,  20 to 24 years,,,,,,,,,,,,,,,,
59,British Columbia,  Women+,  25 to 29 years,,,,,,,,,,,,,,,,
59,British Columbia,  Women+,  30 to 34 years,,,,,,,,,,,,,,,,
59,British Columbia,  Women+,  35 to 39 years,,,,,,,,,,,,,,,,
59,British Columbia,  Women+,  40 to 44 years,,,,,,,,,,,,,,,,
59,British Columbia,  Women+,  45 to 49 years,,,,,,,,,,,,,,,,
59,British Columbia,  Women+,  50 to 54 years,,,,,,,,,,,,,,,,
59,British Columbia,  Women+,  55 to 59 years,,,,,,,,,,,,,,,,
59,British Columbia,  Women+,  60 to 64 years,,,,,,,,,,,,,,,,
59,British Columbia,  Women+,  65 years and over,,,,,,,,,,,,,,,,
59,British Columbia,  Women+,    65 to 69 years,,,,,,,,,,,,,,,,
59,British Columbia,  Women+,    70 to 74 years,,,,,,,,,,,,,,,,
59,British Columbia,  Women+,    75 to 79 years,,,,,,,,,,,,,,,,
59,British Columbia,  Women+,    80 to 84 years,,,,,,,,,,,,,,,,
59,British Columbia,  Women+,    85 years and over,,,,,,,,,,,,,,,,
60,Yukon,Total - Gender,Total - Age,,,,,,,,,,,,,,,,
60,Yukon,Total - Gender,  0 to 14 years,,,,,,,,,,,,,,,,
60,Yukon,Total - Gender,  15 to 19 years,,,,,,,,,,,,,,,,
60,Yukon,Total - Gender,    15 to 17 years,,,,,,,,,,,,,,,,
60,Yukon,Total - Gender,    18 to 19 years,,,,,,,,,,,,,,,,
60,Yukon,Total - Gender,  20 to 24 years,,,,,,,,,,,,,,,,
60,Yukon,Total - Gender,  25 to 29 years,,,,,,,,,,,,,,,,
60,Yukon,Total - Gender,  30 to 34 years,,,,,,,,,,,,,,,,
60,Yukon,Total - Gender,  35 to 39 years,,,,,,,,,,,,,,,,
60,Yukon,Total - Gender,  40 to 44 years,,,,,,,,,,,,,,,,
60,Yukon,Total - Gender,  45 to 49 years,,,,,,,,,,,,,,,,
60,Yukon,Total - Gender,  50 to 54 years,,,,,,,,,,,,,,,,
60,Yukon,Total - Gender,  55 to 59 years,,,,,,,,,,,,,,,,
60,Yukon,Total - Gender,  60 to 64 years,,,,,,,,,,,,,,,,
60,Yukon,Total - Gender,  65 years and over,,,,,,,,,,,,,,,,
60,Yukon,Total - Gender,    65 to 69 years,,,,,,,,,,,,,,,,
60,Yukon,Total - Gender,    70 to 74 years,,,,,,,,,,,,,,,,
60,Yukon,Total - Gender,    75 to 79 years,,,,,,,,,,,,,,,,
60,Yukon,Total - Gender,    80 to 84 years,,,,,,,,,,,,,,,,
60,Yukon,Total - Gender,    85 years and over,,,,,,,,,,,,,,,,
60,Yukon,  Men+,Total - Age,,,,,,,,,,,,,,,,
60,Yukon,  Men+,  0 to 14 years,,,,,,,,,,,,,,,,
60,Yukon,  Men+,  15 to 19 years,,,,,,,,,,,,,,,,
60,Yukon,  Men+,    15 to 17 years,,,,,,,,,,,,,,,,
60,Yukon,  Men+,    18 to 19 years,,,,,,,,,,,,,,,,
60,Yukon,  Men+,  20 to 24 years,,,,,,,,,,,,,,,,
60,Yukon,  Men+,  25 to 29 years,,,,,,,,,,,,,,,,
60,Yukon,  Men+,  30 to 34 years,,,,,,,,,,,,,,,,
60,Yukon,  Men+,  35 to 39 years,,,,,,,,,,,,,,,,
60,Yukon,  Men+,  40 to 44 years,,,,,,,,,,,,,,,,
60,Yukon,  Men+,  45 to 49 years,,,,,,,,,,,,,,,,
60,Yukon,  Men+,  50 to 54 years,,,,,,,,,,,,,,,,
60,Yukon,  Men+,  55 to 59 years,,,,,,,,,,,,,,,,
60,Yukon,  Men+,  60 to 64 years,,,,,,,,,,,,,,,,
60,Yukon,  Men+,  65 years and over,,,,,,,,,,,,,,,,
60,Yukon,  Men+,    65 to 69 years,,,,,,,,,,,,,,,,
60,Yukon,  Men+,    70 to 74 years,,,,,,,,,,,,,,,,
60,Yukon,  Men+,    75 to 79 years,,,,,,,,,,,,,,,,
60,Yukon,  Men+,    80 to 84 years,,,,,,,,,,,,,,,,
60,Yukon,  Men+,    85 years and over,,,,,,,,,,,,,,,,
60,Yukon,  Women+,Total - Age,,,,,,,,,,,,,,,,
60,Yukon,  Women+,  0 to 14 years,,,,,,,,,,,,,,,,
60,Yukon,  Women+,  15 to 19 years,,,,,,,,,,,,,,,,
60,Yukon,  Women+,    15 to 17 years,,,,,,,,,,,,,,,,
60,Yukon,  Women+,    18 to 19 years,,,,,,,,,,,,,,,,
60,Yukon,  Women+,  20 to 24 years,,,,,,,,,,,,,,,,
60,Yukon,  Women+,  25 to 29 years,,,,,,,,,,,,,,,,
60,Yukon,  Women+,  30 to 34 years,,,,,,,,,,,,,,,,
60,Yukon,  Women+,  35 to 39 years,,,,,,,,,,,,,,,,
60,Yukon,  Women+,  40 to 44 years,,,,,,,,,,,,,,,,
60,Yukon,  Women+,  45 to 49 years,,,,,,,,,,,,,,,,
60,Yukon,  Women+,  50 to 54 years,,,,,,,,,,,,,,,,
60,Yukon,  Women+,  55 to 59 years,,,,,,,,,,,,,,,,
60,Yukon,  Women+,  60 to 64 years,,,,,,,,,,,,,,,,
60,Yukon,  Women+,  65 years and over,,,,,,,,,,,,,,,,
60,Yukon,  Women+,    65 to 69 years,,,,,,,,,,,,,,,,
60,Yukon,  Women+,    70 to 74 years,,,,,,,,,,,,,,,,
60,Yukon,  Women+,    75 to 79 years,,,,,,,,,,,,,,,,
60,Yukon,  Women+,    80 to 84 years,,,,,,,,,,,,,,,,
60,Yukon,  Women+,    85 years and over,,,,,,,,,,,,,,,,
61,Northwest Territories,Total - Gender,Total - Age,,,,,,,,,,,,,,,,
61,Northwest Territories,Total - Gender,  0 to 14 years,,,,,,,,,,,,,,,,
61,Northwest Territories,Total - Gender,  15 to 19 years,,,,,,,,,,,,,,,,
61,Northwest Territories,Total - Gender,    15 to 17 years,,,,,,,,,,,,,,,,
61,Northwest Territories,Total - Gender,    18 to 19 years,,,,,,,,,,,,,,,,
61,Northwest Territories,Total - Gender,  20 to 24 years,,,,,,,,,,,,,,,,
61,Northwest Territories,Total - Gender,  25 to 29 years,,,,,,,,,,,,,,,,
61,Northwest Territories,Total - Gender,  30 to 34 years,,,,,,,,,,,,,,,,
61,Northwest Territories,Total - Gender,  35 to 39 years,,,,,,,,,,,,,,,,
61,Northwest Territories,Total - Gender,  40 to 44 years,,,,,,,,,,,,,,,,
61,Northwest Territories,Total - Gender,  45 to 49 years,,,,,,,,,,,,,,,,
61,Northwest Territories,Total - Gender,  50 to 54 years,,,,,,,,,,,,,,,,
61,Northwest Territories,Total - Gender,  55 to 59 years,,,,,,,,,,,,,,,,
61,Northwest Territories,Total - Gender,  60 to 64 years,,,,,,,,,,,,,,,,
61,Northwest Territories,Total - Gender,  65 years and over,,,,,,,,,,,,,,,,
61,Northwest Territories,Total - Gender,    65 to 69 years,,,,,,,,,,,,,,,,
61,Northwest Territories,Total - Gender,    70 to 74 years,,,,,,,,,,,,,,,,
61,Northwest Territories,Total - Gender,    75 to 79 years,,,,,,,,,,,,,,,,
61,Northwest Territories,Total - Gender,    80 to 84 years,,,,,,,,,,,,,,,,
61,Northwest Territories,Total - Gender,    85 years and over,,,,,,,,,,,,,,,,
61,Northwest Territories,  Men+,Total - Age,,,,,,,,,,,,,,,,
61,Northwest Territories,  Men+,  0 to 14 years,,,,,,,,,,,,,,,,
61,Northwest Territories,  Men+,  15 to 19 years,,,,,,,,,,,,,,,,
61,Northwest Territories,  Men+,    15 to 17 years,,,,,,,,,,,,,,,,
61,Northwest Territories,  Men+,    18 to 19 years,,,,,,,,,,,,,,,,
61,Northwest Territories,  Men+,  20 to 24 years,,,,,,,,,,,,,,,,
61,Northwest Territories,  Men+,  25 to 29 years,,,,,,,,,,,,,,,,
61,Northwest Territories,  Men+,  30 to 34 years,,,,,,,,,,,,,,,,
61,Northwest Territories,  Men+,  35 to 39 years,,,,,,,,,,,,,,,,
61,Northwest Territories,  Men+,  40 to 44 years,,,,,,,,,,,,,,,,
61,Northwest Territories,  Men+,  45 to 49 years,,,,,,,,,,,,,,,,
61,Northwest Territories,  Men+,  50 to 54 years,,,,,,,,,,,,,,,,
61,Northwest Territories,  Men+,  55 to 59 years,,,,,,,,,,,,,,,,
61,Northwest Territories,  Men+,  60 to 64 years,,,,,,,,,,,,,,,,
61,Northwest Territories,  Men+,  65 years and over,,,,,,,,,,,,,,,,
61,Northwest Territories,  Men+,    65 to 69 years,,,,,,,,,,,,,,,,
61,Northwest Territories,  Men+,    70 to 74 years,,,,,,,,,,,,,,,,
61,Northwest Territories,  Men+,    75 to 79 years,,,,,,,,,,,,,,,,
61,Northwest Territories,  Men+,    80 to 84 years,,,,,,,,,,,,,,,,
61,Northwest Territories,  Men+,    85 years and over,,,,,,,,,,,,,,,,
61,Northwest Territories,  Women+,Total - Age,,,,,,,,,,,,,,,,
61,Northwest Territories,  Women+,  0 to 14 years,,,,,,,,,,,,,,,,
61,Northwest Territories,  Women+,  15 to 19 years,,,,,,,,,,,,,,,,
61,Northwest Territories,  Women+,    15 to 17 years,,,,,,,,,,,,,,,,
61,Northwest Territories,  Women+,    18 to 19 years,,,,,,,,,,,,,,,,
61,Northwest Territories,  Women+,  20 to 24 years,,,,,,,,,,,,,,,,
61,Northwest Territories,  Women+,  25 to 29 years,,,,,,,,,,,,,,,,
61,Northwest Territories,  Women+,  30 to 34 years,,,,,,,,,,,,,,,,
61,Northwest Territories,  Women+,  35 to 39 years,,,,,,,,,,,,,,,,
61,Northwest Territories,  Women+,  40 to 44 years,,,,,,,,,,,,,,,,
61,Northwest Territories,  Women+,  45 to 49 years,,,,,,,,,,,,,,,,
61,Northwest Territories,  Women+,  50 to 54 years,,,,,,,,,,,,,,,,
61,Northwest Territories,  Women+,  55 to 59 years,,,,,,,,,,,,,,,,
61,Northwest Territories,  Women+,  60 to 64 years,,,,,,,,,,,,,,,,
61,Northwest Territories,  Women+,  65 years and over,,,,,,,,,,,,,,,,
61,Northwest Territories,  Women+,    65 to 69 years,,,,,,,,,,,,,,,,
61,Northwest Territories,  Women+,    70 to 74 years,,,,,,,,,,,,,,,,
61,Northwest Territories,  Women+,    75 to 79 years,,,,,,,,,,,,,,,,
61,Northwest Territories,  Women+,    80 to 84 years,,,,,,,,,,,,,,,,
61,Northwest Territories,  Women+,    85 years and over,,,,,,,,,,,,,,,,
62,Nunavut,Total - Gender,Total - Age,,,,,,,,,,,,,,,,
62,Nunavut,Total - Gender,  0 to 14 years,,,,,,,,,,,,,,,,
62,Nunavut,Total - Gender,  15 to 19 years,,,,,,,,,,,,,,,,
62,Nunavut,Total - Gender,    15 to 17 years,,,,,,,,,,,,,,,,
62,Nunavut,Total - Gender,    18 to 19 years,,,,,,,,,,,,,,,,
62,Nunavut,Total - Gender,  20 to 24 years,,,,,,,,,,,,,,,,
62,Nunavut,Total - Gender,  25 to 29 years,,,,,,,,,,,,,,,,
62,Nunavut,Total - Gender,  30 to 34 years,,,,,,,,,,,,,,,,
62,Nunavut,Total - Gender,  35 to 39 years,,,,,,,,,,,,,,,,
62,Nunavut,Total - Gender,  40 to 44 years,,,,,,,,,,,,,,,,
62,Nunavut,Total - Gender,  45 to 49 years,,,,,,,,,,,,,,,,
62,Nunavut,Total - Gender,  50 to 54 years,,,,,,,,,,,,,,,,
62,Nunavut,Total - Gender,  55 to 59 years,,,,,,,,,,,,,,,,
62,Nunavut,Total - Gender,  60 to 64 years,,,,,,,,,,,,,,,,
62,Nunavut,Total - Gender,  65 years and over,,,,,,,,,,,,,,,,
62,Nunavut,Total - Gender,    65 to 69 years,,,,,,,,,,,,,,,,
62,Nunavut,Total - Gender,    70 to 74 years,,,,,,,,,,,,,,,,
62,Nunavut,Total - Gender,    75 to 79 years,,,,,,,,,,,,,,,,
62,Nunavut,Total - Gender,    80 to 84 years,,,,,,,,,,,,,,,,
62,Nunavut,Total - Gender,    85 years and over,,,,,,,,,,,,,,,,
62,Nunavut,  Men+,Total - Age,,,,,,,,,,,,,,,,
62,Nunavut,  Men+,  0 to 14 years,,,,,,,,,,,,,,,,
62,Nunavut,  Men+,  15 to 19 years,,,,,,,,,,,,,,,,
62,Nunavut,  Men+,    15 to 17 years,,,,,,,,,,,,,,,,
62,Nunavut,  Men+,    18 to 19 years,,,,,,,,,,,,,,,,
62,Nunavut,  Men+,  20 to 24 years,,,,,,,,,,,,,,,,
62,Nunavut,  Men+,  25 to 29 years,,,,,,,,,,,,,,,,
62,Nunavut,  Men+,  30 to 34 years,,,,,,,,,,,,,,,,
62,Nunavut,  Men+,  35 to 39 years,,,,,,,,,,,,,,,,
62,Nunavut,  Men+,  40 to 44 years,,,,,,,,,,,,,,,,
62,Nunavut,  Men+,  45 to 49 years,,,,,,,,,,,,,,,,
62,Nunavut,  Men+,  50 to 54 years,,,,,,,,,,,,,,,,
62,Nunavut,  Men+,  55 to 59 years,,,,,,,,,,,,,,,,
62,Nunavut,  Men+,  60 to 64 years,,,,,,,,,,,,,,,,
62,Nunavut,  Men+,  65 years and over,,,,,,,,,,,,,,,,
62,Nunavut,  Men+,    65 to 69 years,,,,,,,,,,,,,,,,
62,Nunavut,  Men+,    70 to 74 years,,,,,,,,,,,,,,,,
62,Nunavut,  Men+,    75 to 79 years,,,,,,,,,,,,,,,,
62,Nunavut,  Men+,    80 to 84 years,,,,,,,,,,,,,,,,
62,Nunavut,  Men+,    85 years and over,,,,,,,,,,,,,,,,
62,Nunavut,  Women+,Total - Age,,,,,,,,,,,,,,,,
62,Nunavut,  Women+,  0 to 14 years,,,,,,,,,,,,,,,,
62,Nunavut,  Women+,  15 to 19 years,,,,,,,,,,,,,,,,
62,Nunavut,  Women+,    15 to 17 years,,,,,,,,,,,,,,,,
62,Nunavut,  Women+,    18 to 19 years,,,,,,,,,,,,,,,,
62,Nunavut,  Women+,  20 to 24 years,,,,,,,,,,,,,,,,
62,Nunavut,  Women+,  25 to 29 years,,,,,,,,,,,,,,,,
62,Nunavut,  Women+,  30 to 34 years,,,,,,,,,,,,,,,,
62,Nunavut,  Women+,  35 to 39 years,,,,,,,,,,,,,,,,
62,Nunavut,  Women+,  40 to 44 years,,,,,,,,,,,,,,,,
62,Nunavut,  Women+,  45 to 49 years,,,,,,,,,,,,,,,,
62,Nunavut,  Women+,  50 to 54 years,,,,,,,,,,,,,,,,
62,Nunavut,  Women+,  55 to 59 years,,,,,,,,,,,,,,,,
62,Nunavut,  Women+,  60 to 64 years,,,,,,,,,,,,,,,,
62,Nunavut,  Women+,  65 years and over,,,,,,,,,,,,,,,,
62,Nunavut,  Women+,    65 to 69 years,,,,,,,,,,,,,,,,
62,Nunavut,  Women+,    70 to 74 years,,,,,,,,,,,,,,,,
62,Nunavut,  Women+,    75 to 79 years,,,,,,,,,,,,,,,,
62,Nunavut,  Women+,    80 to 84 years,,,,,,,,,,,,,,,,
62,Nunavut,  Women+,    85 years and over,,,,,,,,,,,,,,,,
